,id,row,tier,pix_count,hand_count
0,18PS8042,row-43,tier-19,875,59.0
1,18PS5068,row-34,tier-8,393,55.0
2,18PS7017,row-45,tier-10,205,64.0
3,18PS9015,row-42,tier-21,295,51.0
4,18PS1033,row-5,tier-5,105,49.0
5,18PS5146,row-32,tier-16,108,54.0
6,18PS1200,row-12,tier-21,753,60.0
7,18PS5080,row-36,tier-9,312,44.0
8,18PS6048,row-40,tier-6,159,44.0
9,18PS7039,row-45,tier-12,844,71.0
10,18PS6065,row-46,tier-7,68,67.0
11,18PS1042,row-4,tier-6,115,51.0
12,18PS7010,row-38,tier-10,333,66.0
13,18PS9012,row-39,tier-21,240,31.0
14,18PS1216,row-8,tier-23,141,29.0
15,18PS5044,row-30,tier-6,139,51.0
16,18PS7060,row-44,tier-14,366,68.0
17,18PS0062,row-18,tier-24,348,40.0
18,18PS1131,row-3,tier-15,270,53.0
19,18PS1102,row-4,tier-12,196,59.0
20,18PS5100,row-36,tier-11,393,58.0
21,18PS0016,row-19,tier-21,97,19.0
22,18PS8041,row-42,tier-19,247,40.0
23,18PS0003,row-17,tier-20,529,35.0
24,18PS9059,row-39,tier-24,294,40.0
25,18PS0058,row-14,tier-24,367,34.0
26,18PS0053,row-9,tier-24,161,27.0
27,18PS7070,row-43,tier-15,596,71.0
28,18PS7016,row-44,tier-10,125,52.0
29,18PS1064,row-6,tier-8,137,52.0
30,18PS6071,row-41,tier-8,22,49.0
31,18PS6069,row-39,tier-8,464,65.0
32,18PS8016,row-39,tier-17,337,44.0
33,18PS5120,row-36,tier-13,676,51.0
34,18PS5014,row-30,tier-3,91,35.0
35,18PS2024,row-14,tier-4,21,29.0
36,18PS7022,row-39,tier-11,681,58.0
37,18PS5098,row-34,tier-11,544,50.0
38,18PS7019,row-47,tier-10,481,64.0
39,18PS5162,row-28,tier-18,234,59.0
40,18PS1145,row-7,tier-16,612,43.0
41,18PS1114,row-6,tier-13,75,50.0
42,18PS9005,row-43,tier-20,201,36.0
43,18PS1210,row-12,tier-22,837,57.0
44,18PS1213,row-5,tier-23,618,64.0
45,18PS1076,row-8,tier-9,54,41.0
46,18PS2010,row-22,tier-2,6,63.0
47,18PS5009,row-35,tier-2,72,35.0
48,18PS3013,row-17,tier-10,232,48.0
49,18PS1037,row-9,tier-5,92,48.0
50,18PS8043,row-44,tier-19,626,69.0
51,18PS1110,row-12,tier-12,186,59.0
52,18PS9055,row-35,tier-24,376,31.0
53,18PS5017,row-33,tier-3,353,56.0
54,18PS1081,row-3,tier-10,106,48.0
55,18PS4047,row-13,tier-20,1025,44.0
56,18PS4018,row-17,tier-17,332,30.0
57,18PS5116,row-32,tier-13,511,48.0
58,18PS1173,row-5,tier-19,343,59.0
59,18PS1103,row-5,tier-12,386,44.0
60,18PS3032,row-14,tier-12,427,51.0
61,18PS1149,row-11,tier-16,1190,49.0
62,18PS5084,row-30,tier-10,506,38.0
63,18PS5128,row-34,tier-14,336,47.0
64,18PS2077,row-23,tier-8,301,59.0
65,18PS1191,row-3,tier-21,380,63.0
66,18PS1193,row-5,tier-21,294,45.0
67,18PS2003,row-15,tier-2,138,75.0
68,18PS3014,row-18,tier-10,192,38.0
69,18PS2050,row-18,tier-6,470,58.0
70,18PS7044,row-39,tier-13,651,62.0
71,18PS2007,row-19,tier-2,301,62.0
72,18PS1208,row-10,tier-22,274,51.0
73,18PS2041,row-20,tier-5,429,47.0
74,18PS1003,row-5,tier-2,92,46.0
75,18PS1040,row-12,tier-5,332,53.0
76,18PS1044,row-6,tier-6,199,46.0
77,18PS5131,row-27,tier-15,482,46.0
78,18PS6018,row-43,tier-3,197,56.0
79,18PS1099,row-11,tier-11,411,43.0
80,18PS5006,row-32,tier-2,115,54.0
81,18PS5077,row-33,tier-9,839,70.0
82,18PS5035,row-31,tier-5,560,65.0
83,18PS1179,row-11,tier-19,473,66.0
84,18PS7015,row-43,tier-10,395,52.0
85,18PS1017,row-9,tier-3,17,45.0
86,18PS5052,row-28,tier-7,98,51.0
87,18PS2004,row-16,tier-2,181,41.0
88,18PS9014,row-41,tier-21,237,34.0
89,18PS0037,row-14,tier-23,69,24.0
90,18PS1006,row-8,tier-2,155,54.0
91,18PS5112,row-28,tier-13,758,43.0
92,18PS5027,row-33,tier-4,375,49.0
93,18PS1009,row-11,tier-2,208,40.0
94,18PS1141,row-3,tier-16,14,47.0
95,18PS7033,row-39,tier-12,493,46.0
96,18PS0031,row-23,tier-22,347,40.0
97,18PS4022,row-21,tier-17,812,41.0
98,18PS1156,row-8,tier-17,240,34.0
99,18PS5029,row-35,tier-4,126,44.0
100,18PS4032,row-20,tier-18,868,50.0
101,18PS6080,row-39,tier-9,337,52.0
102,18PS4036,row-13,tier-19,1412,65.0
103,18PS1038,row-10,tier-5,290,68.0
104,18PS8013,row-47,tier-16,774,42.0
105,18PS5132,row-28,tier-15,1085,59.0
106,18PS5123,row-29,tier-14,528,47.0
107,18PS7054,row-38,tier-14,110,25.0
108,18PS1126,row-8,tier-14,662,50.0
109,18PS1151,row-3,tier-17,9,60.0
110,18PS3008,row-23,tier-9,834,61.0
111,18PS5049,row-35,tier-6,247,45.0
112,18PS2037,row-16,tier-5,61,42.0
113,18PS3041,row-23,tier-12,270,56.0
114,18PS1069,row-11,tier-8,228,38.0
115,18PS3021,row-14,tier-11,43,39.0
116,18PS9025,row-41,tier-22,143,31.0
117,18PS5008,row-34,tier-2,202,54.0
118,18PS9049,row-29,tier-24,87,30.0
119,18PS5121,row-27,tier-14,570,59.0
120,18PS1025,row-7,tier-4,244,47.0
121,18PS5026,row-32,tier-4,24,33.0
122,18PS6068,row-38,tier-8,192,54.0
123,18PS5024,row-30,tier-4,200,44.0
124,18PS6049,row-41,tier-6,208,59.0
125,18PS8001,row-46,tier-15,651,71.0
126,18PS1199,row-11,tier-21,551,51.0
127,18PS0044,row-21,tier-23,58,19.0
128,18PS1045,row-7,tier-6,446,60.0
129,18PS9010,row-37,tier-21,141,17.0
130,18PS1207,row-9,tier-22,59,35.0
131,18PS1014,row-6,tier-3,16,51.0
132,18PS1018,row-10,tier-3,111,41.0
133,18PS7043,row-38,tier-13,282,48.0
134,18PS8028,row-40,tier-18,627,60.0
135,18PS1092,row-4,tier-11,611,61.0
136,18PS8015,row-38,tier-17,175,40.0
137,18PS7004,row-43,tier-9,735,58.0
138,18PS4041,row-18,tier-19,487,32.0
139,18PS1155,row-7,tier-17,752,60.0
140,18PS1023,row-5,tier-4,309,53.0
141,18PS3059,row-19,tier-14,74,32.0
142,18PS1203,row-5,tier-22,606,63.0
143,18PS1130,row-12,tier-14,834,65.0
144,18PS6067,row-37,tier-8,420,66.0
145,18PS5125,row-31,tier-14,658,70.0
146,18PS9060,row-40,tier-24,442,43.0
147,18PS7005,row-44,tier-9,251,45.0
148,18PS1159,row-11,tier-17,807,62.0
149,18PS5104,row-30,tier-12,739,60.0
150,18PS8027,row-39,tier-18,57,29.0
151,Phytogen 802,row-23,tier-24,109,22.0
152,Phytogen 802,row-23,tier-24,109,39.0
153,Phytogen 802,row-47,tier-24,287,22.0
154,Phytogen 802,row-47,tier-24,287,39.0
155,18PS1028,row-10,tier-4,20,38.0
156,18PS2030,row-20,tier-4,196,40.0
157,18PS5041,row-27,tier-6,483,48.0
158,18PS5148,row-34,tier-16,379,50.0
159,18PS1214,row-6,tier-23,345,70.0
160,18PS2035,row-14,tier-5,66,26.0
161,18PS7062,row-46,tier-14,221,54.0
162,18PS2033,row-23,tier-4,294,40.0
163,18PS3016,row-20,tier-10,714,64.0
164,18PS5159,row-35,tier-17,685,76.0
165,18PS7036,row-42,tier-12,190,55.0
166,18PS0049,row-5,tier-24,210,27.0
167,18PS6054,row-46,tier-6,63,57.0
168,18PS0042,row-19,tier-23,287,37.0
169,18PS2031,row-21,tier-4,832,70.0
170,18PS0030,row-22,tier-22,342,45.0
171,18PS3067,row-16,tier-15,357,63.0
172,18PS5030,row-36,tier-4,150,39.0
173,18PS6066,row-47,tier-7,273,70.0
174,18PS4027,row-15,tier-18,533,74.0
175,18PS4015,row-14,tier-17,388,42.0
176,18PS1176,row-8,tier-19,683,56.0
177,18PS3040,row-22,tier-12,621,78.0
178,18PS9052,row-32,tier-24,74,18.0
179,18PS9006,row-44,tier-20,99,41.0
180,18PS3072,row-21,tier-15,594,49.0
181,18PS1164,row-6,tier-18,630,73.0
182,18PS5133,row-29,tier-15,708,54.0
183,18PS1142,row-4,tier-16,404,55.0
184,18PS8032,row-44,tier-18,473,41.0
185,18PS1052,row-4,tier-7,313,59.0
186,18PS5021,row-27,tier-4,164,44.0
187,18PS0010,row-13,tier-21,1030,42.0
188,18PS3015,row-19,tier-10,756,50.0
189,18PS8047,row-37,tier-20,205,26.0
190,18PS1174,row-6,tier-19,45,44.0
191,18PS2078,row-13,tier-9,668,70.0
192,18PS1116,row-8,tier-13,348,42.0
193,18PS1161,row-3,tier-18,312,49.0
194,18PS6070,row-40,tier-8,99,56.0
195,18PS6002,row-38,tier-2,87,64.0
196,18PS6001,row-37,tier-2,171,52.0
197,18PS9048,row-28,tier-24,186,28.0
198,18PS6011,row-47,tier-2,122,44.0
199,18PS1097,row-9,tier-11,94,47.0
200,18PS5138,row-34,tier-15,534,46.0
201,18PS5065,row-31,tier-8,462,52.0
202,18PS9027,row-43,tier-22,205,53.0
203,18PS5095,row-31,tier-11,440,52.0
204,18PS0061,row-17,tier-24,265,26.0
205,18PS1054,row-6,tier-7,404,108.0
206,18PS1127,row-9,tier-14,44,48.0
207,18PS1082,row-4,tier-10,501,55.0
208,18PS0023,row-15,tier-22,419,51.0
209,18PS1016,row-8,tier-3,148,41.0
210,18PS5152,row-28,tier-17,271,68.0
211,18PS6074,row-44,tier-8,151,72.0
212,18PS0059,row-15,tier-24,297,40.0
213,18PS5013,row-29,tier-3,266,73.0
214,18PS6079,row-38,tier-9,11,37.0
215,18PS8044,row-45,tier-19,448,62.0
216,18PS7014,row-42,tier-10,211,59.0
217,18PS9038,row-39,tier-23,333,32.0
218,18PS5102,row-28,tier-12,697,55.0
219,18PS5067,row-33,tier-8,361,52.0
220,18PS6078,row-37,tier-9,251,29.0
221,18PS5020,row-36,tier-3,304,50.0
222,18PS5158,row-34,tier-17,621,53.0
223,18PS0041,row-18,tier-23,487,30.0
224,18PS2070,row-16,tier-8,72,22.0
225,18PS4006,row-16,tier-16,671,43.0
226,18PS5037,row-33,tier-5,150,46.0
227,18PS1029,row-11,tier-4,260,65.0
228,18PS9040,row-41,tier-23,165,36.0
229,18PS6003,row-39,tier-2,193,56.0
230,18PS7027,row-44,tier-11,151,56.0
231,18PS6026,row-40,tier-4,82,49.0
232,18PS1088,row-10,tier-10,361,58.0
233,18PS6013,row-38,tier-3,130,56.0
234,18PS1046,row-8,tier-6,162,51.0
235,18PS8009,row-43,tier-16,955,53.0
236,18PS1215,row-7,tier-23,421,61.0
237,18PS1206,row-8,tier-22,246,47.0
238,18PS2068,row-14,tier-8,80,36.0
239,18PS5103,row-29,tier-12,1071,74.0
240,18PS5092,row-28,tier-11,496,46.0
241,18PS9029,row-45,tier-22,125,28.0
242,18PS1060,row-12,tier-7,401,72.0
243,18PS1189,row-11,tier-20,640,46.0
244,18PS8034,row-46,tier-18,607,77.0
245,18PS2054,row-22,tier-6,310,75.0
246,18PS6008,row-44,tier-2,48,56.0
247,18PS5031,row-27,tier-5,336,42.0
248,18PS9036,row-37,tier-23,144,9.0
249,18PS5153,row-29,tier-17,865,42.0
250,18PS6052,row-44,tier-6,24,46.0
251,18PS7053,row-37,tier-14,396,34.0
252,18PS3004,row-19,tier-9,744,71.0
253,18PS3044,row-15,tier-13,684,60.0
254,18PS5088,row-34,tier-10,422,42.0
255,18PS8020,row-43,tier-17,940,55.0
256,18PS5149,row-35,tier-16,497,64.0
257,18PS1109,row-11,tier-12,494,43.0
258,18PS5122,row-28,tier-14,756,50.0
259,18PS5130,row-36,tier-14,630,59.0
260,18PS9020,row-47,tier-21,152,24.0
261,18PS8022,row-45,tier-17,299,66.0
262,18PS7024,row-41,tier-11,361,65.0
263,18PS0052,row-8,tier-24,340,41.0
264,18PS4002,row-23,tier-15,1101,55.0
265,18PS9026,row-42,tier-22,68,22.0
266,18PS7072,row-45,tier-15,600,52.0
267,18PS2073,row-19,tier-8,359,55.0
268,18PS3025,row-18,tier-11,628,50.0
269,18PS1180,row-12,tier-19,375,52.0
270,18PS4004,row-14,tier-16,162,44.0
271,18PS4005,row-15,tier-16,1268,88.0
272,18PS9045,row-46,tier-23,284,49.0
273,18PS2009,row-21,tier-2,498,67.0
274,18PS7023,row-40,tier-11,494,77.0
275,18PS3022,row-15,tier-11,258,53.0
276,18PS1062,row-4,tier-8,292,62.0
277,18PS6061,row-42,tier-7,9,33.0
278,18PS5078,row-34,tier-9,846,77.0
279,18PS1098,row-10,tier-11,397,66.0
280,18PS2060,row-17,tier-7,81,19.0
281,18PS1205,row-7,tier-22,402,66.0
282,18PS9028,row-44,tier-22,241,29.0
283,18PS2046,row-14,tier-6,176,58.0
284,18PS3061,row-21,tier-14,1239,52.0
285,18PS7065,row-38,tier-15,68,38.0
286,18PS1172,row-4,tier-19,430,54.0
287,18PS5155,row-31,tier-17,920,57.0
288,18PS4029,row-17,tier-18,643,33.0
289,18PS5032,row-28,tier-5,161,53.0
290,18PS0004,row-18,tier-20,97,15.0
291,18PS2016,row-17,tier-3,146,49.0
292,18PS6027,row-41,tier-4,29,46.0
293,18PS6040,row-43,tier-5,254,54.0
294,18PS0047,row-3,tier-24,104,46.0
295,18PS5113,row-29,tier-13,696,54.0
296,18PS3045,row-16,tier-13,290,74.0
297,18PS5007,row-33,tier-2,237,30.0
298,18PS5111,row-27,tier-13,887,56.0
299,18PS2079,row-14,tier-9,145,55.0
300,18PS1196,row-8,tier-21,263,33.0
301,18PS1086,row-8,tier-10,449,63.0
302,18PS3039,row-21,tier-12,1046,77.0
303,18PS6059,row-40,tier-7,137,59.0
304,18PS4024,row-23,tier-17,867,36.0
305,18PS2026,row-16,tier-4,114,58.0
306,18PS9061,row-41,tier-24,112,26.0
307,18PS9018,row-45,tier-21,134,31.0
308,18PS1078,row-10,tier-9,155,73.0
309,18PS1195,row-7,tier-21,556,60.0
310,18PS1089,row-11,tier-10,404,58.0
311,18PS6076,row-46,tier-8,5,40.0
312,18PS4025,row-13,tier-18,811,60.0
313,18PS1002,row-4,tier-2,3,31.0
314,18PS3054,row-14,tier-14,566,66.0
315,18PS1067,row-9,tier-8,129,33.0
316,18PS1090,row-12,tier-10,836,64.0
317,18PS6073,row-43,tier-8,254,69.0
318,18PS5039,row-35,tier-5,272,55.0
319,18PS5137,row-33,tier-15,426,41.0
320,18PS5063,row-29,tier-8,512,62.0
321,18PS9043,row-44,tier-23,209,28.0
322,18PS9057,row-37,tier-24,253,26.0
323,18PS1096,row-8,tier-11,255,45.0
324,18PS9007,row-45,tier-20,467,37.0
325,18PS8026,row-38,tier-18,345,53.0
326,18PS1093,row-5,tier-11,443,54.0
327,18PS7012,row-40,tier-10,388,79.0
328,18PS8024,row-47,tier-17,855,68.0
329,18PS3027,row-20,tier-11,638,46.0
330,18PS1022,row-4,tier-4,4,42.0
331,18PS2015,row-16,tier-3,45,47.0
332,18PS0028,row-20,tier-22,392,24.0
333,18PS4026,row-14,tier-18,1020,56.0
334,18PS6023,row-37,tier-4,241,59.0
335,18PS3069,row-18,tier-15,1007,71.0
336,18PS9023,row-39,tier-22,548,45.0
337,18PS5129,row-35,tier-14,439,68.0
338,18PS6010,row-46,tier-2,3,37.0
339,18PS0063,row-19,tier-24,371,50.0
340,18PS4043,row-20,tier-19,401,49.0
341,18PS9047,row-27,tier-24,31,15.0
342,18PS1117,row-9,tier-13,319,54.0
343,18PS6045,row-37,tier-6,255,52.0
344,18PS1167,row-9,tier-18,98,46.0
345,18PS1197,row-9,tier-21,431,44.0
346,18PS8003,row-37,tier-16,718,29.0
347,18PS1070,row-12,tier-8,398,44.0
348,18PS5108,row-34,tier-12,476,42.0
349,18PS0029,row-21,tier-22,475,35.0
350,18PS2071,row-17,tier-8,209,51.0
351,18PS9032,row-33,tier-23,279,38.0
352,18PS0026,row-18,tier-22,127,19.0
353,18PS2058,row-15,tier-7,184,55.0
354,18PS1120,row-12,tier-13,843,52.0
355,18PS4010,row-20,tier-16,844,66.0
356,18PS4003,row-13,tier-16,1207,70.0
357,18PS6044,row-47,tier-5,204,59.0
358,18PS3029,row-22,tier-11,444,63.0
359,18PS7064,row-37,tier-15,578,34.0
360,18PS1201,row-3,tier-22,98,52.0
361,18PS4007,row-17,tier-16,753,46.0
362,18PS4014,row-13,tier-17,1093,68.0
363,18PS0066,row-22,tier-24,406,53.0
364,18PS1107,row-9,tier-12,134,48.0
365,18PS3024,row-17,tier-11,432,48.0
366,18PS2014,row-15,tier-3,156,46.0
367,18PS9031,row-47,tier-22,290,43.0
368,18PS7009,row-37,tier-10,604,33.0
369,18PS3017,row-21,tier-10,1142,59.0
370,18PS3023,row-16,tier-11,176,39.0
371,18PS1211,row-3,tier-23,296,55.0
372,18PS8045,row-46,tier-19,513,67.0
373,18PS5025,row-31,tier-4,739,77.0
374,18PS7038,row-44,tier-12,162,45.0
375,18PS5141,row-27,tier-16,411,33.0
376,18PS0013,row-16,tier-21,441,29.0
377,18PS3034,row-16,tier-12,655,60.0
378,18PS6077,row-47,tier-8,270,62.0
379,18PS8006,row-40,tier-16,687,42.0
380,18PS5117,row-33,tier-13,719,64.0
381,18PS2025,row-15,tier-4,310,53.0
382,18PS5105,row-31,tier-12,681,42.0
383,18PS3002,row-17,tier-9,191,47.0
384,18PS1077,row-9,tier-9,33,41.0
385,18PS5144,row-30,tier-16,279,64.0
386,18PS5034,row-30,tier-5,357,54.0
387,18PS4001,row-22,tier-15,646,63.0
388,18PS2045,row-13,tier-6,378,60.0
389,18PS1148,row-10,tier-16,845,57.0
390,18PS7025,row-42,tier-11,36,37.0
391,18PS3062,row-22,tier-14,277,69.0
392,18PS1108,row-10,tier-12,321,61.0
393,18PS3051,row-22,tier-13,336,59.0
394,18PS3048,row-19,tier-13,544,62.0
395,18PS6036,row-39,tier-5,521,67.0
396,18PS1121,row-3,tier-14,105,44.0
397,18PS1136,row-8,tier-15,330,54.0
398,18PS0002,row-16,tier-20,326,47.0
399,18PS0025,row-17,tier-22,73,28.0
400,18PS1212,row-4,tier-23,343,59.0
401,18PS6012,row-37,tier-3,182,53.0
402,18PS5070,row-36,tier-8,245,67.0
403,18PS2006,row-18,tier-2,626,59.0
404,18PS0022,row-14,tier-22,111,31.0
405,18PS6041,row-44,tier-5,126,55.0
406,18PS5058,row-34,tier-7,411,50.0
407,18PS8019,row-42,tier-17,5,29.0
408,18PS8031,row-43,tier-18,1159,69.0
409,18PS5054,row-30,tier-7,140,45.0
410,18PS1135,row-7,tier-15,241,40.0
411,18PS1059,row-11,tier-7,475,50.0
412,18PS5079,row-35,tier-9,192,48.0
413,18PS2080,row-15,tier-9,353,55.0
414,18PS6038,row-41,tier-5,130,55.0
415,18PS0011,row-14,tier-21,401,38.0
416,18PS2061,row-18,tier-7,113,39.0
417,18PS0008,row-22,tier-20,171,38.0
418,18PS8012,row-46,tier-16,142,61.0
419,18PS5142,row-28,tier-16,830,43.0
420,18PS8035,row-47,tier-18,115,51.0
421,18PS1194,row-6,tier-21,216,45.0
422,18PS9030,row-46,tier-22,90,24.0
423,18PS3043,row-14,tier-13,254,54.0
424,18PS2064,row-21,tier-7,419,64.0
425,18PS0035,row-12,tier-23,247,29.0
426,18PS1095,row-7,tier-11,411,54.0
427,18PS5066,row-32,tier-8,94,30.0
428,18PS2002,row-14,tier-2,147,62.0
429,18PS1153,row-5,tier-17,366,59.0
430,18PS2065,row-22,tier-7,30,44.0
431,18PS7046,row-41,tier-13,859,76.0
432,18PS1041,row-3,tier-6,44,50.0
433,18PS1129,row-11,tier-14,420,47.0
434,18PS1039,row-11,tier-5,300,64.0
435,18PS6043,row-46,tier-5,61,60.0
436,18PS5074,row-30,tier-9,236,59.0
437,18PS8021,row-44,tier-17,594,56.0
438,18PS1183,row-5,tier-20,281,70.0
439,18PS0020,row-23,tier-21,250,36.0
440,18PS5147,row-33,tier-16,275,50.0
441,18PS5161,row-27,tier-18,325,54.0
442,18PS1125,row-7,tier-14,288,53.0
443,18PS1144,row-6,tier-16,460,57.0
444,18PS2019,row-20,tier-3,227,55.0
445,18PS1112,row-4,tier-13,347,49.0
446,18PS9033,row-34,tier-23,171,25.0
447,18PS3036,row-18,tier-12,697,35.0
448,18PS1074,row-6,tier-9,93,47.0
449,18PS1091,row-3,tier-11,291,52.0
450,18PS7051,row-46,tier-13,194,42.0
451,18PS5099,row-35,tier-11,361,55.0
452,18PS9044,row-45,tier-23,232,48.0
453,18PS9037,row-38,tier-23,443,55.0
454,18PS4016,row-15,tier-17,391,43.0
455,18PS8011,row-45,tier-16,714,69.0
456,18PS1056,row-8,tier-7,320,49.0
457,18PS1004,row-6,tier-2,11,40.0
458,18PS8029,row-41,tier-18,710,71.0
459,18PS4031,row-19,tier-18,803,73.0
460,18PS7063,row-47,tier-14,871,53.0
461,18PS1168,row-10,tier-18,462,47.0
462,18PS5118,row-34,tier-13,682,55.0
463,18PS4044,row-21,tier-19,671,41.0
464,18PS2074,row-20,tier-8,647,64.0
465,18PS5022,row-28,tier-4,132,43.0
466,18PS7011,row-39,tier-10,321,66.0
467,18PS9002,row-40,tier-20,227,35.0
468,18PS3053,row-13,tier-14,809,58.0
469,18PS1170,row-12,tier-18,907,63.0
470,18PS5081,row-27,tier-10,496,46.0
471,18PS6032,row-46,tier-4,113,68.0
472,18PS2042,row-21,tier-5,448,75.0
473,18PS9017,row-44,tier-21,284,51.0
474,18PS4008,row-18,tier-16,273,55.0
475,18PS7066,row-39,tier-15,766,57.0
476,18PS2049,row-17,tier-6,78,46.0
477,18PS5048,row-34,tier-6,381,69.0
478,18PS1160,row-12,tier-17,272,58.0
479,18PS5051,row-27,tier-7,187,52.0
480,18PS7047,row-42,tier-13,386,55.0
481,18PS3037,row-19,tier-12,275,38.0
482,18PS5045,row-31,tier-6,435,57.0
483,18PS8023,row-46,tier-17,456,66.0
484,18PS1079,row-11,tier-9,421,49.0
485,18PS2018,row-19,tier-3,79,57.0
486,18PS9042,row-43,tier-23,298,33.0
487,18PS3052,row-23,tier-13,682,55.0
488,18PS0056,row-12,tier-24,553,47.0
489,18PS7069,row-42,tier-15,557,61.0
490,18PS4048,row-14,tier-20,265,48.0
491,18PS8014,row-37,tier-17,744,53.0
492,18PS5151,row-27,tier-17,379,46.0
493,18PS5069,row-35,tier-8,503,63.0
494,18PS6075,row-45,tier-8,90,57.0
495,18PS2069,row-15,tier-8,164,58.0
496,18PS1169,row-11,tier-18,230,29.0
497,18PS4019,row-18,tier-17,383,38.0
498,18PS5015,row-31,tier-3,277,57.0
499,18PS2032,row-22,tier-4,9,47.0
500,18PS3058,row-18,tier-14,609,59.0
501,18PS0045,row-22,tier-23,690,48.0
502,18PS7035,row-41,tier-12,567,68.0
503,18PS0017,row-20,tier-21,417,28.0
504,18PS1080,row-12,tier-9,554,63.0
505,18PS5082,row-28,tier-10,854,67.0
506,18PS5136,row-32,tier-15,382,50.0
507,18PS5053,row-29,tier-7,308,58.0
508,18PS6004,row-40,tier-2,69,52.0
509,18PS1050,row-12,tier-6,214,39.0
510,18PS7071,row-44,tier-15,593,75.0
511,18PS6020,row-45,tier-3,134,46.0
512,18PS1181,row-3,tier-20,89,34.0
513,18PS9004,row-42,tier-20,139,29.0
514,18PS1166,row-8,tier-18,291,66.0
515,18PS5119,row-35,tier-13,444,64.0
516,18PS9065,row-45,tier-24,275,34.0
517,18PS5003,row-29,tier-2,778,65.0
518,18PS3001,row-16,tier-9,367,49.0
519,18PS9009,row-47,tier-20,415,37.0
520,18PS0050,row-6,tier-24,160,43.0
521,18PS5028,row-34,tier-4,360,64.0
522,18PS6005,row-41,tier-2,0,47.0
523,18PS0007,row-21,tier-20,182,15.0
524,18PS4013,row-23,tier-16,733,65.0
525,18PS2039,row-18,tier-5,116,50.0
526,18PS6053,row-45,tier-6,86,66.0
527,18PS9019,row-46,tier-21,223,36.0
528,18PS1184,row-6,tier-20,132,42.0
529,18PS9051,row-31,tier-24,418,44.0
530,18PS9001,row-39,tier-20,212,43.0
531,18PS2011,row-23,tier-2,340,55.0
532,18PS0024,row-16,tier-22,191,35.0
533,18PS4023,row-22,tier-17,710,64.0
534,18PS1147,row-9,tier-16,273,44.0
535,18PS1202,row-4,tier-22,447,50.0
536,18PS9064,row-44,tier-24,261,53.0
537,18PS3003,row-18,tier-9,573,60.0
538,18PS0021,row-13,tier-22,312,36.0
539,18PS6031,row-45,tier-4,65,35.0
540,18PS2062,row-19,tier-7,116,29.0
541,18PS8017,row-40,tier-17,328,51.0
542,18PS3011,row-15,tier-10,295,52.0
543,18PS2001,row-13,tier-2,375,73.0
544,18PS9053,row-33,tier-24,177,25.0
545,18PS3050,row-21,tier-13,454,67.0
546,18PS3068,row-17,tier-15,745,35.0
547,18PS4017,row-16,tier-17,265,69.0
548,18PS1140,row-12,tier-15,1075,83.0
549,18PS7032,row-38,tier-12,72,43.0
550,18PS5096,row-32,tier-11,119,37.0
551,18PS3047,row-18,tier-13,707,55.0
552,18PS1192,row-4,tier-21,218,56.0
553,18PS2075,row-21,tier-8,724,75.0
554,18PS0043,row-20,tier-23,995,36.0
555,18PS6033,row-47,tier-4,244,57.0
556,18PS6022,row-47,tier-3,171,50.0
557,18PS5114,row-30,tier-13,302,67.0
558,18PS9003,row-41,tier-20,180,49.0
559,18PS7007,row-46,tier-9,477,85.0
560,18PS0015,row-18,tier-21,234,28.0
561,18PS1158,row-10,tier-17,294,64.0
562,18PS4033,row-21,tier-18,176,39.0
563,18PS2055,row-23,tier-6,411,42.0
564,18PS1034,row-6,tier-5,78,42.0
565,18PS4012,row-22,tier-16,82,47.0
566,18PS1175,row-7,tier-19,715,55.0
567,18PS7037,row-43,tier-12,1183,60.0
568,18PS7018,row-46,tier-10,118,55.0
569,18PS4039,row-16,tier-19,193,60.0
570,18PS5134,row-30,tier-15,306,48.0
571,18PS1005,row-7,tier-2,219,44.0
572,18PS7034,row-40,tier-12,306,65.0
573,18PS7013,row-41,tier-10,135,51.0
574,18PS1122,row-4,tier-14,416,54.0
575,18PS2036,row-15,tier-5,221,48.0
576,18PS1053,row-5,tier-7,822,67.0
577,18PS5036,row-32,tier-5,15,48.0
578,18PS1139,row-11,tier-15,496,65.0
579,18PS7045,row-40,tier-13,313,48.0
580,18PS1162,row-4,tier-18,332,54.0
581,18PS2043,row-22,tier-5,271,59.0
582,18PS1134,row-6,tier-15,135,53.0
583,18PS3055,row-15,tier-14,225,55.0
584,18PS9021,row-37,tier-22,248,28.0
585,18PS0032,row-9,tier-23,247,41.0
586,18PS7068,row-41,tier-15,428,45.0
587,18PS1209,row-11,tier-22,548,67.0
588,18PS1024,row-6,tier-4,47,64.0
589,18PS7059,row-43,tier-14,655,69.0
590,18PS8038,row-39,tier-19,536,44.0
591,18PS6063,row-44,tier-7,149,52.0
592,18PS0001,row-15,tier-20,61,32.0
593,18PS2063,row-20,tier-7,99,37.0
594,18PS1068,row-10,tier-8,158,56.0
595,18PS7058,row-42,tier-14,291,71.0
596,18PS1065,row-7,tier-8,88,21.0
597,18PS6042,row-45,tier-5,88,54.0
598,18PS1027,row-9,tier-4,48,39.0
599,18PS1030,row-12,tier-4,291,50.0
600,18PS1032,row-4,tier-5,4,35.0
601,18PS2066,row-23,tier-7,167,51.0
602,18PS4046,row-23,tier-19,67,28.0
603,18PS1115,row-7,tier-13,306,56.0
604,18PS1178,row-10,tier-19,609,41.0
605,18PS6025,row-39,tier-4,440,57.0
606,18PS2034,row-13,tier-5,543,54.0
607,18PS6055,row-47,tier-6,101,84.0
608,18PS1185,row-7,tier-20,326,51.0
609,18PS1019,row-11,tier-3,854,61.0
610,18PS1010,row-12,tier-2,361,59.0
611,18PS5046,row-32,tier-6,48,55.0
612,18PS5016,row-32,tier-3,33,60.0
613,18PS6051,row-43,tier-6,119,32.0
614,18PS3064,row-13,tier-15,1074,64.0
615,18PS1021,row-3,tier-4,107,39.0
616,18PS4037,row-14,tier-19,642,40.0
617,18PS1106,row-8,tier-12,569,47.0
618,18PS7049,row-44,tier-13,251,46.0
619,18PS6024,row-38,tier-4,99,58.0
620,18PS1087,row-9,tier-10,382,66.0
621,18PS0033,row-10,tier-23,445,42.0
622,18PS1036,row-8,tier-5,109,48.0
623,18PS3065,row-14,tier-15,507,65.0
624,18PS6060,row-41,tier-7,153,54.0
625,18PS1177,row-9,tier-19,252,37.0
626,18PS1150,row-12,tier-16,618,50.0
627,18PS1104,row-6,tier-12,35,41.0
628,18PS1047,row-9,tier-6,20,35.0
629,18PS1085,row-7,tier-10,423,50.0
630,18PS7030,row-47,tier-11,713,71.0
631,18PS8018,row-41,tier-17,504,49.0
632,18PS5004,row-30,tier-2,288,56.0
633,18PS8030,row-42,tier-18,491,53.0
634,18PS5047,row-33,tier-6,195,40.0
635,18PS5101,row-27,tier-12,638,46.0
636,18PS2023,row-13,tier-4,599,65.0
637,18PS7026,row-43,tier-11,601,60.0
638,18PS5127,row-33,tier-14,188,41.0
639,18PS1133,row-5,tier-14,770,48.0
640,18PS2057,row-14,tier-7,107,64.0
641,18PS5089,row-35,tier-10,62,42.0
642,18PS4035,row-23,tier-18,1040,62.0
643,18PS5005,row-31,tier-2,304,54.0
644,18PS7031,row-37,tier-12,240,9.0
645,18PS9058,row-38,tier-24,350,32.0
646,18PS2067,row-13,tier-8,360,61.0
647,18PS0018,row-21,tier-21,154,39.0
648,18PS2038,row-17,tier-5,134,32.0
649,18PS8008,row-42,tier-16,596,67.0
650,18PS3042,row-13,tier-13,617,65.0
651,18PS5055,row-31,tier-7,284,44.0
652,18PS9022,row-38,tier-22,52,20.0
653,18PS3028,row-21,tier-11,855,55.0
654,18PS5062,row-28,tier-8,224,52.0
655,18PS2040,row-19,tier-5,472,66.0
656,18PS1118,row-10,tier-13,371,58.0
657,18PS7061,row-45,tier-14,57,63.0
658,18PS5064,row-30,tier-8,223,64.0
659,18PS5110,row-36,tier-12,548,45.0
660,18PS3035,row-17,tier-12,601,52.0
661,18PS1083,row-5,tier-10,591,57.0
662,18PS9041,row-42,tier-23,214,50.0
663,18PS6034,row-37,tier-5,261,53.0
664,18PS6057,row-38,tier-7,25,42.0
665,18PS6009,row-45,tier-2,124,64.0
666,18PS1154,row-6,tier-17,138,39.0
667,18PS5033,row-29,tier-5,615,72.0
668,18PS5094,row-30,tier-11,222,39.0
669,18PS3031,row-13,tier-12,592,65.0
670,18PS1101,row-3,tier-12,151,51.0
671,18PS5156,row-32,tier-17,623,61.0
672,18PS6046,row-38,tier-6,154,52.0
673,18PS7067,row-40,tier-15,598,62.0
674,18PS3010,row-14,tier-10,586,70.0
675,18PS5050,row-36,tier-6,184,50.0
676,18PS1128,row-10,tier-14,548,90.0
677,18PS5154,row-30,tier-17,187,41.0
678,18PS9054,row-34,tier-24,229,28.0
679,18PS5072,row-28,tier-9,492,40.0
680,18PS1026,row-8,tier-4,102,56.0
681,18PS7050,row-45,tier-13,284,56.0
682,18PS8040,row-41,tier-19,143,53.0
683,18PS5135,row-31,tier-15,614,43.0
684,18PS9011,row-38,tier-21,91,35.0
685,18PS4045,row-22,tier-19,394,60.0
686,18PS6047,row-39,tier-6,399,82.0
687,18PS8007,row-41,tier-16,97,34.0
688,18PS9034,row-35,tier-23,416,36.0
689,18PS4011,row-21,tier-16,993,53.0
690,18PS1165,row-7,tier-18,877,66.0
691,18PS5018,row-34,tier-3,424,60.0
692,18PS2021,row-22,tier-3,66,45.0
693,18PS5109,row-35,tier-12,560,54.0
694,18PS5042,row-28,tier-6,394,56.0
695,18PS0064,row-20,tier-24,613,30.0
696,18PS5010,row-36,tier-2,12,60.0
697,18PS5043,row-29,tier-6,820,74.0
698,18PS6014,row-39,tier-3,215,63.0
699,18PS5038,row-34,tier-5,224,50.0
700,18PS6035,row-38,tier-5,48,55.0
701,18PS1012,row-4,tier-3,194,47.0
702,18PS8036,row-37,tier-19,616,30.0
703,18PS3060,row-20,tier-14,320,50.0
704,18PS2051,row-19,tier-6,418,51.0
705,18PS6062,row-43,tier-7,358,57.0
706,18PS5097,row-33,tier-11,384,51.0
707,18PS7008,row-47,tier-9,741,68.0
708,18PS0036,row-13,tier-23,196,21.0
709,18PS1157,row-9,tier-17,150,50.0
710,18PS0040,row-17,tier-23,135,17.0
711,18PS1163,row-5,tier-18,442,43.0
712,18PS9050,row-30,tier-24,271,30.0
713,18PS4042,row-19,tier-19,193,44.0
714,18PS1171,row-3,tier-19,54,49.0
715,18PS4038,row-15,tier-19,738,52.0
716,18PS3057,row-17,tier-14,337,28.0
717,18PS1113,row-5,tier-13,636,61.0
718,18PS2056,row-13,tier-7,136,58.0
719,18PS3006,row-21,tier-9,511,50.0
720,18PS5083,row-29,tier-10,756,56.0
721,18PS1066,row-8,tier-8,84,39.0
722,18PS5160,row-36,tier-17,461,35.0
723,18PS7028,row-45,tier-11,335,64.0
724,18PS4020,row-19,tier-17,838,61.0
725,18PS5040,row-36,tier-5,405,57.0
726,18PS5124,row-30,tier-14,284,37.0
727,18PS5060,row-36,tier-7,149,56.0
728,18PS1011,row-3,tier-3,11,37.0
729,18PS6016,row-41,tier-3,4,24.0
730,18PS1111,row-3,tier-13,240,53.0
731,18PS5061,row-27,tier-8,279,55.0
732,18PS3071,row-20,tier-15,392,30.0
733,18PS6021,row-46,tier-3,12,35.0
734,18PS1031,row-3,tier-5,19,40.0
735,18PS6072,row-42,tier-8,17,32.0
736,18PS8004,row-38,tier-16,444,61.0
737,18PS7048,row-43,tier-13,476,62.0
738,18PS9008,row-46,tier-20,240,39.0
739,18PS5107,row-33,tier-12,395,44.0
740,18PS6015,row-40,tier-3,80,48.0
741,18PS3063,row-23,tier-14,303,52.0
742,18PS8037,row-38,tier-19,356,52.0
743,18PS0027,row-19,tier-22,177,28.0
744,18PS2029,row-19,tier-4,58,42.0
745,18PS1152,row-4,tier-17,168,44.0
746,18PS1119,row-11,tier-13,337,55.0
747,18PS5106,row-32,tier-12,194,40.0
748,18PS1058,row-10,tier-7,381,68.0
749,18PS7002,row-41,tier-9,582,50.0
750,18PS7041,row-47,tier-12,649,65.0
751,18PS4040,row-17,tier-19,585,43.0
752,18PS5087,row-33,tier-10,635,62.0
753,18PS8025,row-37,tier-18,509,59.0
754,18PS2022,row-23,tier-3,478,61.0
755,18PS6064,row-45,tier-7,91,71.0
756,18PS7040,row-46,tier-12,111,57.0
757,18PS1198,row-10,tier-21,341,61.0
758,18PS0051,row-7,tier-24,689,43.0
759,18PS5115,row-31,tier-13,904,43.0
760,18PS2017,row-18,tier-3,90,43.0
761,18PS3066,row-15,tier-15,448,61.0
762,18PS5023,row-29,tier-4,287,61.0
763,18PS3019,row-23,tier-10,1507,58.0
764,18PS9062,row-42,tier-24,217,29.0
765,18PS1123,row-5,tier-15,576,58.0
766,18PS7029,row-46,tier-11,133,50.0
767,18PS7006,row-45,tier-9,218,42.0
768,18PS1055,row-7,tier-7,470,56.0
769,18PS4034,row-22,tier-18,476,49.0
770,18PS2059,row-16,tier-7,45,45.0
771,18PS1013,row-5,tier-3,324,67.0
772,18PS0006,row-20,tier-20,670,25.0
773,18PS6037,row-40,tier-5,97,51.0
774,18PS1015,row-7,tier-3,279,65.0
775,18PS4028,row-16,tier-18,405,33.0
776,18PS5090,row-36,tier-10,367,50.0
777,18PS4009,row-19,tier-16,951,54.0
778,18PS1048,row-10,tier-6,94,41.0
779,18PS0034,row-11,tier-23,229,45.0
780,18PS5057,row-33,tier-7,332,56.0
781,18PS1072,row-4,tier-9,175,42.0
782,18PS0014,row-17,tier-21,408,25.0
783,18PS1124,row-6,tier-14,118,56.0
784,18PS6029,row-43,tier-4,391,64.0
785,18PS0065,row-21,tier-24,366,36.0
786,18PS5019,row-35,tier-3,121,34.0
787,18PS2047,row-15,tier-6,249,54.0
788,18PS1094,row-6,tier-11,150,47.0
789,18PS6058,row-39,tier-7,270,66.0
790,18PS5143,row-29,tier-16,738,63.0
791,18PS5001,row-27,tier-2,132,35.0
792,18PS2028,row-18,tier-4,179,56.0
793,18PS3007,row-22,tier-9,321,60.0
794,18PS8046,row-47,tier-19,791,44.0
795,18PS0046,row-23,tier-23,199,23.0
796,18PS6056,row-37,tier-7,313,57.0
797,18PS4021,row-20,tier-17,524,55.0
798,18PS1084,row-6,tier-10,294,64.0
799,18PS1132,row-4,tier-15,488,64.0
800,18PS1186,row-8,tier-20,426,54.0
801,18PS1190,row-12,tier-20,387,42.0
802,18PS9046,row-47,tier-23,142,20.0
803,18PS7003,row-42,tier-9,107,43.0
804,18PS0057,row-13,tier-24,262,33.0
805,18PS9056,row-36,tier-24,415,30.0
806,18PS6019,row-44,tier-3,30,14.0
807,18PS1073,row-5,tier-9,283,43.0
808,18PS0012,row-15,tier-21,844,55.0
809,18PS3038,row-20,tier-12,711,46.0
810,18PS5157,row-33,tier-17,720,56.0
811,18PS9039,row-40,tier-23,55,34.0
812,18PS3033,row-15,tier-12,94,37.0
813,18PS3046,row-17,tier-13,254,52.0
814,18PS3020,row-13,tier-11,499,46.0
815,18PS3070,row-19,tier-15,462,50.0
816,18PS9035,row-36,tier-23,289,35.0
817,18PS2012,row-13,tier-3,127,60.0
818,18PS0038,row-15,tier-23,236,34.0
819,18PS0048,row-4,tier-24,390,38.0
820,18PS1008,row-10,tier-2,205,50.0
821,18PS1138,row-10,tier-15,347,49.0
822,18PS5012,row-28,tier-3,239,51.0
823,18PS6039,row-42,tier-5,11,64.0
824,18PS9063,row-43,tier-24,215,43.0
825,18PS0055,row-11,tier-24,741,49.0
826,18PS5056,row-32,tier-7,43,53.0
827,18PS5140,row-36,tier-15,374,28.0
828,18PS0060,row-16,tier-24,270,40.0
829,18PS7055,row-39,tier-14,714,57.0
830,18PS5086,row-32,tier-10,229,58.0
831,18PS8005,row-39,tier-16,792,65.0
832,18PS5091,row-27,tier-11,400,65.0
833,18PS3049,row-20,tier-13,1148,67.0
834,18PS0009,row-23,tier-20,179,21.0
835,18PS3030,row-23,tier-11,969,60.0
836,18PS0039,row-16,tier-23,203,23.0
837,18PS0054,row-10,tier-24,445,37.0
838,18PS5150,row-36,tier-16,627,28.0
839,18PS2053,row-21,tier-6,208,37.0
840,18PS1057,row-9,tier-7,14,27.0
841,18PS7001,row-40,tier-9,416,56.0
842,18PS6007,row-43,tier-2,168,56.0
843,18PS3018,row-22,tier-10,720,62.0
844,18PS0005,row-19,tier-20,90,28.0
845,18PS1020,row-12,tier-3,118,42.0
846,18PS1188,row-10,tier-20,277,38.0
847,18PS9066,row-46,tier-24,57,16.0
848,18PS2076,row-22,tier-8,195,62.0
849,18PS1182,row-4,tier-20,239,43.0
850,18PS2008,row-20,tier-2,549,84.0
851,18PS2072,row-18,tier-8,369,43.0
852,18PS1049,row-11,tier-6,491,49.0
853,18PS2048,row-16,tier-6,140,60.0
854,18PS5075,row-31,tier-9,806,64.0
855,18PS2027,row-17,tier-4,230,44.0
856,18PS7052,row-47,tier-13,826,64.0
857,18PS9024,row-40,tier-22,320,50.0
858,18PS1035,row-7,tier-5,194,47.0
859,18PS1204,row-6,tier-22,258,52.0
860,18PS5085,row-31,tier-10,920,61.0
861,18PS5076,row-32,tier-9,126,33.0
862,18PS5059,row-35,tier-7,300,61.0
863,18PS5126,row-32,tier-14,284,39.0
864,18PS7042,row-37,tier-13,996,35.0
865,18PS8048,row-38,tier-20,118,33.0
866,18PS7056,row-40,tier-14,463,54.0
867,18PS8002,row-47,tier-15,332,61.0
868,18PS5011,row-27,tier-3,245,62.0
869,18PS8033,row-45,tier-18,590,74.0
870,18PS1061,row-3,tier-8,35,43.0
871,18PS7057,row-41,tier-14,243,54.0
872,18PS5139,row-35,tier-15,604,55.0
873,18PS5093,row-29,tier-11,909,63.0
874,18PS3026,row-19,tier-11,74,34.0
875,18PS5073,row-29,tier-9,549,61.0
876,18PS1105,row-7,tier-12,663,73.0
877,18PS3005,row-20,tier-9,723,36.0
878,18PS5145,row-31,tier-16,775,51.0
879,18PS1051,row-3,tier-7,42,53.0
880,18PS8039,row-40,tier-19,392,56.0
881,18PS6017,row-42,tier-3,5,41.0
882,18PS1075,row-7,tier-9,609,64.0
883,18PS3009,row-13,tier-10,1191,44.0
884,18PS8010,row-44,tier-16,691,62.0
885,18PS2020,row-21,tier-3,200,55.0
886,18PS7021,row-38,tier-11,200,64.0
887,18PS7020,row-37,tier-11,710,26.0
888,18PS1100,row-12,tier-11,685,69.0
889,18PS9016,row-43,tier-21,373,39.0
890,18PS9013,row-40,tier-21,161,30.0
891,18PS1143,row-5,tier-16,532,62.0
892,18PS2052,row-20,tier-6,410,58.0
893,18PS3012,row-16,tier-10,147,37.0
894,18PS2044,row-23,tier-5,769,63.0
895,18PS1187,row-9,tier-20,157,50.0
896,18PS6030,row-44,tier-4,74,60.0
897,18PS5002,row-28,tier-2,281,58.0
898,18PS1146,row-8,tier-16,206,51.0
899,18PS4030,row-18,tier-18,1113,65.0
900,18PS1043,row-5,tier-6,356,47.0
901,18PS1137,row-9,tier-15,253,54.0
902,18PS1063,row-5,tier-8,450,57.0
903,18PS1007,row-9,tier-2,278,41.0
904,18PS2005,row-17,tier-2,306,48.0
905,18PS3056,row-16,tier-14,277,59.0
906,18PS2013,row-14,tier-3,62,24.0
907,18PS0019,row-22,tier-21,194,27.0
908,18PS5071,row-27,tier-9,1003,55.0
